{
  "timesteps": [
    49152,
    52224,
    55296,
    58368,
    61440,
    64512,
    67584,
    70656,
    73728,
    76800,
    79872,
    82944,
    86016,
    89088,
    92160,
    95232,
    98304,
    101376,
    104448,
    107520,
    110592,
    113664,
    116736,
    119808,
    122880,
    125952,
    129024,
    132096,
    135168,
    138240,
    141312,
    144384,
    147456,
    150528,
    153600,
    156672,
    159744,
    162816,
    165888,
    168960,
    172032,
    175104,
    178176,
    181248,
    184320,
    187392,
    190464,
    193536,
    196608,
    199680,
    202752,
    205824,
    208896,
    211968,
    215040,
    218112,
    221184,
    224256,
    227328,
    230400,
    233472,
    236544,
    239616,
    242688,
    245760,
    248832,
    251904,
    254976,
    258048,
    261120,
    264192,
    267264,
    270336,
    273408
  ],
  "mean_reward": [
    1220.0,
    1220.0,
    1220.0,
    1220.0,
    1220.0,
    1220.0,
    1220.0,
    1220.0,
    1220.0,
    1220.0,
    1220.0,
    1220.0,
    1220.0,
    1220.0,
    1220.0,
    1220.0,
    1183.5833333333333,
    1183.5833333333333,
    1183.5833333333333,
    1183.5833333333333,
    1183.5833333333333,
    1183.5833333333333,
    1183.5833333333333,
    1183.5833333333333,
    1183.5833333333333,
    1183.5833333333333,
    1183.5833333333333,
    1183.5833333333333,
    1183.5833333333333,
    1183.5833333333333,
    1183.5833333333333,
    1183.5833333333333,
    1016.8333333333334,
    1016.8333333333334,
    1016.8333333333334,
    1016.8333333333334,
    1016.8333333333334,
    1016.8333333333334,
    1016.8333333333334,
    1016.8333333333334,
    1016.8333333333334,
    1016.8333333333334,
    1016.8333333333334,
    1016.8333333333334,
    1016.8333333333334,
    1016.8333333333334,
    1016.8333333333334,
    1016.8333333333334,
    877.6666666666666,
    877.6666666666666,
    877.6666666666666,
    877.6666666666666,
    877.6666666666666,
    877.6666666666666,
    877.6666666666666,
    877.6666666666666,
    877.6666666666666,
    877.6666666666666,
    877.6666666666666,
    877.6666666666666,
    877.6666666666666,
    877.6666666666666,
    877.6666666666666,
    877.6666666666666,
    757.9333333333333,
    757.9333333333333,
    757.9333333333333,
    757.9333333333333,
    757.9333333333333,
    757.9333333333333,
    757.9333333333333,
    757.9333333333333,
    757.9333333333333,
    757.9333333333333
  ],
  "episode_length": [
    8192.0,
    8192.0,
    8192.0,
    8192.0,
    8192.0,
    8192.0,
    8192.0,
    8192.0,
    8192.0,
    8192.0,
    8192.0,
    8192.0,
    8192.0,
    8192.0,
    8192.0,
    8192.0,
    8192.0,
    8192.0,
    8192.0,
    8192.0,
    8192.0,
    8192.0,
    8192.0,
    8192.0,
    8192.0,
    8192.0,
    8192.0,
    8192.0,
    8192.0,
    8192.0,
    8192.0,
    8192.0,
    8192.0,
    8192.0,
    8192.0,
    8192.0,
    8192.0,
    8192.0,
    8192.0,
    8192.0,
    8192.0,
    8192.0,
    8192.0,
    8192.0,
    8192.0,
    8192.0,
    8192.0,
    8192.0,
    8192.0,
    8192.0,
    8192.0,
    8192.0,
    8192.0,
    8192.0,
    8192.0,
    8192.0,
    8192.0,
    8192.0,
    8192.0,
    8192.0,
    8192.0,
    8192.0,
    8192.0,
    8192.0,
    8192.0,
    8192.0,
    8192.0,
    8192.0,
    8192.0,
    8192.0,
    8192.0,
    8192.0,
    8192.0,
    8192.0
  ],
  "exploration": [],
  "badges": [],
  "pokemon_caught": []
}